109,1,2025-03-23T14:05:00.000Z,224,Song I,Artist 9,Jazz,Chill
110,1,2025-03-23T10:28:00.000Z,260,Song J,Artist 10,Jazz,Chill
104,1,2025-03-23T10:54:00.000Z,220,Song D,Artist 4,Rock,Happy
104,1,2025-03-23T15:20:00.000Z,220,Song D,Artist 4,Rock,Happy
108,2,2025-03-23T04:31:00.000Z,199,Song H,Artist 8,Jazz,Chill
104,2,2025-03-23T00:47:00.000Z,221,Song D,Artist 4,Rock,Happy
110,2,2025-03-23T15:33:00.000Z,254,Song J,Artist 10,Jazz,Chill
107,2,2025-03-23T00:23:00.000Z,198,Song G,Artist 7,Rock,Sad
105,3,2025-03-23T22:08:00.000Z,238,Song E,Artist 5,Rock,Sad
105,3,2025-03-23T11:42:00.000Z,224,Song E,Artist 5,Rock,Sad
101,3,2025-03-23T20:15:00.000Z,232,Song A,Artist 1,Pop,Happy
102,3,2025-03-23T17:22:00.000Z,239,Song B,Artist 2,Pop,Happy
110,3,2025-03-23T15:34:00.000Z,225,Song J,Artist 10,Jazz,Chill
103,3,2025-03-23T19:36:00.000Z,226,Song C,Artist 3,Pop,Happy
110,4,2025-03-23T01:37:00.000Z,253,Song J,Artist 10,Jazz,Chill
103,4,2025-03-23T03:31:00.000Z,232,Song C,Artist 3,Pop,Happy
109,4,2025-03-23T01:52:00.000Z,245,Song I,Artist 9,Jazz,Chill
107,4,2025-03-23T21:26:00.000Z,183,Song G,Artist 7,Rock,Sad
105,4,2025-03-23T04:18:00.000Z,193,Song E,Artist 5,Rock,Sad
104,5,2025-03-23T15:30:00.000Z,231,Song D,Artist 4,Rock,Happy
107,5,2025-03-23T16:59:00.000Z,202,Song G,Artist 7,Rock,Sad
107,5,2025-03-23T12:29:00.000Z,259,Song G,Artist 7,Rock,Sad
101,5,2025-03-23T11:42:00.000Z,181,Song A,Artist 1,Pop,Happy
